title,starttime,endtime,description,users#rsvp,allday
Philadelphia maki Fest,2019-01-18 10:45:11 +0530,2019-01-18 08:45:11 +0530,Milk,blanche_oberbrunner#maybe;samanta_vandervort#no;dortha_walker#no;donavon_hilll#maybe;ericka#yes;viola_miller#maybe;gina#maybe;bernie#yes;elza_paucek#no;esperanza#yes;brant#maybe;eden#yes;braulio#yes;uriel#no;elyse.ledner#maybe;paxton.blanda#maybe;randi#maybe;laila_wilderman#no;rae#yes;brisa#yes;rodrick.braun#maybe;gudrun.reynolds#no;hailey#yes;aletha#maybe;brando_beahan#no,true
Tuna sashimi Fest,2019-01-09 03:18:13 +0530,2019-01-09 13:18:13 +0530,RyeBread,brando_beahan#no;jakayla_daniel#yes;ladarius_mckenzie#maybe;donavon_hilll#maybe;guie#no;elyse.ledner#maybe;sebastian.hirthe#no,false
Pasta Carbonara Fest,2019-01-27 09:40:14 +0530,2019-01-30 09:40:14 +0530,Black Eyed Beans,blanche_oberbrunner#maybe;braulio#yes;brant#maybe;esperanza#yes;laila_wilderman#no;aletha#maybe;meda#yes;freeda_bednar#no;brisa#yes;ericka#yes;jarrod.kunze#maybe;viola_miller#maybe;gudrun.reynolds#no;samanta_vandervort#no;hailey#yes;randi#maybe;gina#maybe;serenity_spencer#yes;sierra#yes;brittany.harvey#yes;audie_schamberger#maybe;jakayla_daniel#yes;krista#no;luisa_lebsack#yes;eden#yes;uriel#no;cortney#yes;jordan.bahringer#no;sebastian.hirthe#no;bernie#yes;madilyn.toy#no;guie#no,false
Vegetable Soup Fest,2019-01-17 22:17:29 +0530,2019-01-26 22:17:29 +0530,Cream Cheese,aletha#maybe;samanta_vandervort#no;luisa_lebsack#yes;brisa#yes;gina#maybe;audie_schamberger#maybe;ladarius_mckenzie#maybe;waino.wunsch#yes;guie#no;hailey#yes;dortha_walker#no;bernie#yes;wiley#no;cortney#yes;jakayla_daniel#yes;meda#yes;paxton.blanda#maybe;elza_paucek#no;jerald_lemke#yes;uriel#no;nicholaus#no;ericka#yes;sebastian.hirthe#no;blanche_oberbrunner#maybe;brittany.harvey#yes;gudrun.reynolds#no;danny#maybe;yesenia_ebert#yes;kayla.romaguera#maybe;esperanza#yes;rae#yes;elyse.ledner#maybe;aileen#yes;randi#maybe;braulio#yes;viola_miller#maybe;serenity_spencer#yes;eden#yes;krista#no;rodrick.braun#maybe;jarrod.kunze#maybe;madilyn.toy#no;barton.kuvalis#maybe;sierra#yes;donavon_hilll#maybe;freeda_bednar#no;brant#maybe;brando_beahan#no;jordan.bahringer#no,false
Pasta and Beans Fest,2019-02-02 00:40:51 +0530,2019-02-10 00:40:51 +0530,Tamari,sierra#yes;barton.kuvalis#maybe;wiley#no;krista#no;ericka#yes;jarrod.kunze#maybe;rae#yes;jerald_lemke#yes;waino.wunsch#yes;elyse.ledner#maybe;jakayla_daniel#yes;sebastian.hirthe#no;jordan.bahringer#no;paxton.blanda#maybe;samanta_vandervort#no;gudrun.reynolds#no;audie_schamberger#maybe;meda#yes;gina#maybe;laila_wilderman#no;cortney#yes;uriel#no;guie#no;brant#maybe;brisa#yes;randi#maybe;rodrick.braun#maybe;eden#yes;ladarius_mckenzie#maybe;freeda_bednar#no;braulio#yes;esperanza#yes;donavon_hilll#maybe;aileen#yes;madilyn.toy#no;blanche_oberbrunner#maybe;aletha#maybe;dortha_walker#no;viola_miller#maybe;yesenia_ebert#yes;bernie#yes;brittany.harvey#yes;hailey#yes;serenity_spencer#yes;danny#maybe;nicholaus#no,false
Mushroom Risotto Fest,2019-01-17 10:23:13 +0530,2019-01-08 10:23:13 +0530,Red Wine Vinegar,laila_wilderman#no;cortney#yes;donavon_hilll#maybe;brisa#yes;elyse.ledner#maybe;jerald_lemke#yes;luisa_lebsack#yes;jakayla_daniel#yes;freeda_bednar#no;wiley#no;nicholaus#no;barton.kuvalis#maybe;blanche_oberbrunner#maybe;aletha#maybe;ericka#yes;paxton.blanda#maybe;aileen#yes;guie#no;waino.wunsch#yes;gina#maybe;esperanza#yes;serenity_spencer#yes;danny#maybe;ladarius_mckenzie#maybe;audie_schamberger#maybe;dortha_walker#no,false
Lasagne Fest,2019-01-30 10:13:11 +0530,2019-01-30 21:13:11 +0530,Spinach,samanta_vandervort#no;elyse.ledner#maybe;freeda_bednar#no;waino.wunsch#yes;ericka#yes;paxton.blanda#maybe;laila_wilderman#no;guie#no;braulio#yes;jakayla_daniel#yes;dortha_walker#no;gudrun.reynolds#no;aletha#maybe;blanche_oberbrunner#maybe;nicholaus#no;luisa_lebsack#yes;barton.kuvalis#maybe;donavon_hilll#maybe;esperanza#yes;sierra#yes;cortney#yes;madilyn.toy#no;ladarius_mckenzie#maybe;serenity_spencer#yes;uriel#no;rae#yes;brant#maybe;jarrod.kunze#maybe;jordan.bahringer#no;aileen#yes;brisa#yes;sebastian.hirthe#no;elza_paucek#no;randi#maybe;meda#yes;rodrick.braun#maybe;kayla.romaguera#maybe;brittany.harvey#yes;bernie#yes;yesenia_ebert#yes;jerald_lemke#yes;eden#yes;gina#maybe;wiley#no;danny#maybe;audie_schamberger#maybe;krista#no;brando_beahan#no,false
Pizza Fest,2019-01-25 10:32:11 +0530,2019-01-25 13:32:11 +0530,Hiramasa Kingfish,rae#yes;waino.wunsch#yes;guie#no;uriel#no;bernie#yes;elza_paucek#no;danny#maybe;brisa#yes;jarrod.kunze#maybe;blanche_oberbrunner#maybe;paxton.blanda#maybe;braulio#yes;madilyn.toy#no;randi#maybe;yesenia_ebert#yes;samanta_vandervort#no;jakayla_daniel#yes;rodrick.braun#maybe;gina#maybe;elyse.ledner#maybe;sierra#yes;audie_schamberger#maybe;eden#yes;meda#yes;barton.kuvalis#maybe;aletha#maybe;serenity_spencer#yes;gudrun.reynolds#no;krista#no;brando_beahan#no;freeda_bednar#no;ericka#yes;hailey#yes;luisa_lebsack#yes;ladarius_mckenzie#maybe;brittany.harvey#yes;viola_miller#maybe;jordan.bahringer#no;esperanza#yes;donavon_hilll#maybe,false
Pappardelle alla Bolognese Fest,2019-01-29 13:46:59 +0530,2019-02-17 13:46:59 +0530,Hijiki,danny#maybe;dortha_walker#no;braulio#yes;kayla.romaguera#maybe;uriel#no;aletha#maybe;brant#maybe;yesenia_ebert#yes;jerald_lemke#yes;donavon_hilll#maybe;waino.wunsch#yes;randi#maybe;blanche_oberbrunner#maybe;gina#maybe;aileen#yes;nicholaus#no;brisa#yes;esperanza#yes;guie#no;elyse.ledner#maybe;wiley#no;luisa_lebsack#yes;elza_paucek#no,false
Pasta Carbonara Fest,2019-02-04 16:53:22 +0530,2019-02-05 04:53:22 +0530,Pear Juice,kayla.romaguera#maybe;jarrod.kunze#maybe;jakayla_daniel#yes;waino.wunsch#yes;wiley#no;cortney#yes;laila_wilderman#no;gudrun.reynolds#no;gina#maybe;brant#maybe;brittany.harvey#yes;viola_miller#maybe;elza_paucek#no;hailey#yes;yesenia_ebert#yes;rae#yes;ladarius_mckenzie#maybe;esperanza#yes;dortha_walker#no;madilyn.toy#no;braulio#yes;sierra#yes;freeda_bednar#no;bernie#yes;donavon_hilll#maybe;blanche_oberbrunner#maybe;barton.kuvalis#maybe;luisa_lebsack#yes;nicholaus#no;uriel#no;eden#yes;audie_schamberger#maybe;serenity_spencer#yes;sebastian.hirthe#no;elyse.ledner#maybe;samanta_vandervort#no;paxton.blanda#maybe,false
Tuna sashimi Fest,2019-01-29 01:12:54 +0530,2019-01-14 01:12:54 +0530,Tempeh,audie_schamberger#maybe;laila_wilderman#no;samanta_vandervort#no;jordan.bahringer#no;freeda_bednar#no;bernie#yes;ericka#yes;esperanza#yes;nicholaus#no;eden#yes;yesenia_ebert#yes;cortney#yes;meda#yes;brando_beahan#no;paxton.blanda#maybe;gudrun.reynolds#no;blanche_oberbrunner#maybe;jarrod.kunze#maybe;sierra#yes;luisa_lebsack#yes;danny#maybe;randi#maybe;brisa#yes;aletha#maybe;ladarius_mckenzie#maybe;hailey#yes;donavon_hilll#maybe;aileen#yes;guie#no;barton.kuvalis#maybe;sebastian.hirthe#no;brant#maybe;rodrick.braun#maybe;braulio#yes;uriel#no;waino.wunsch#yes;dortha_walker#no;gina#maybe;jerald_lemke#yes;elza_paucek#no;jakayla_daniel#yes;wiley#no,true
Fish and chips Fest,2019-01-25 11:03:05 +0530,2019-01-26 05:03:05 +0530,Walnut,brant#maybe;brittany.harvey#yes;braulio#yes;waino.wunsch#yes;viola_miller#maybe;audie_schamberger#maybe;dortha_walker#no;wiley#no;rae#yes;uriel#no,false
Tuna sashimi Fest,2019-01-30 00:26:41 +0530,2019-02-13 00:26:41 +0530,Tomatoes,brando_beahan#no;elyse.ledner#maybe;jakayla_daniel#yes;dortha_walker#no;waino.wunsch#yes;rae#yes;wiley#no;brant#maybe;samanta_vandervort#no;uriel#no;gina#maybe;freeda_bednar#no;luisa_lebsack#yes;yesenia_ebert#yes;braulio#yes;eden#yes;rodrick.braun#maybe;donavon_hilll#maybe;aletha#maybe;meda#yes;paxton.blanda#maybe;sebastian.hirthe#no;aileen#yes;madilyn.toy#no;cortney#yes;bernie#yes;ericka#yes;hailey#yes;blanche_oberbrunner#maybe;elza_paucek#no;viola_miller#maybe;danny#maybe;guie#no;brittany.harvey#yes;serenity_spencer#yes;ladarius_mckenzie#maybe;brisa#yes;laila_wilderman#no;nicholaus#no;krista#no;audie_schamberger#maybe;esperanza#yes;kayla.romaguera#maybe;sierra#yes,false
Pasta and Beans Fest,2019-01-13 01:49:35 +0530,2019-02-05 01:49:35 +0530,Farmed Prawns,ladarius_mckenzie#maybe;serenity_spencer#yes;rae#yes;jarrod.kunze#maybe;brisa#yes;dortha_walker#no;donavon_hilll#maybe;meda#yes;luisa_lebsack#yes;esperanza#yes;barton.kuvalis#maybe;krista#no;gina#maybe;hailey#yes;uriel#no;yesenia_ebert#yes;jerald_lemke#yes;gudrun.reynolds#no;eden#yes;sebastian.hirthe#no;elyse.ledner#maybe;nicholaus#no;guie#no;randi#maybe;audie_schamberger#maybe;rodrick.braun#maybe;wiley#no;braulio#yes;brittany.harvey#yes,false
Lasagne Fest,2019-01-22 10:48:10 +0530,2019-01-23 09:48:10 +0530,Yogurt,esperanza#yes;luisa_lebsack#yes;laila_wilderman#no;gudrun.reynolds#no;cortney#yes;samanta_vandervort#no;freeda_bednar#no;randi#maybe;donavon_hilll#maybe;nicholaus#no;jakayla_daniel#yes;meda#yes;braulio#yes;audie_schamberger#maybe;kayla.romaguera#maybe;elyse.ledner#maybe;brittany.harvey#yes;yesenia_ebert#yes;aletha#maybe;ericka#yes;gina#maybe;uriel#no;brando_beahan#no;danny#maybe;paxton.blanda#maybe;viola_miller#maybe;barton.kuvalis#maybe;hailey#yes;elza_paucek#no;eden#yes;sierra#yes;krista#no;sebastian.hirthe#no;brisa#yes;blanche_oberbrunner#maybe;aileen#yes;ladarius_mckenzie#maybe,false
Philadelphia maki Fest,2019-01-11 18:21:24 +0530,2019-01-10 21:21:24 +0530,Parsnip,luisa_lebsack#yes;yesenia_ebert#yes;ladarius_mckenzie#maybe;meda#yes;barton.kuvalis#maybe;elza_paucek#no;serenity_spencer#yes;blanche_oberbrunner#maybe;laila_wilderman#no;rodrick.braun#maybe;rae#yes;eden#yes;gudrun.reynolds#no;ericka#yes;paxton.blanda#maybe;jerald_lemke#yes;jakayla_daniel#yes;brant#maybe;sierra#yes;kayla.romaguera#maybe;jarrod.kunze#maybe;brittany.harvey#yes;dortha_walker#no;hailey#yes;freeda_bednar#no;waino.wunsch#yes;danny#maybe;brisa#yes;audie_schamberger#maybe;jordan.bahringer#no;donavon_hilll#maybe;viola_miller#maybe;esperanza#yes;madilyn.toy#no;brando_beahan#no;randi#maybe;elyse.ledner#maybe;aletha#maybe;braulio#yes;gina#maybe;uriel#no;samanta_vandervort#no;krista#no;guie#no;bernie#yes;cortney#yes;nicholaus#no;aileen#yes,false
Chicken wings Fest,2019-01-21 11:42:54 +0530,2019-02-10 11:42:54 +0530,FlourRice,,false
Caprese Salad Fest,2019-02-07 09:22:33 +0530,2019-02-07 19:22:33 +0530,Taleggio cheese,laila_wilderman#no;brisa#yes;hailey#yes;jordan.bahringer#no;brittany.harvey#yes;barton.kuvalis#maybe;waino.wunsch#yes,false
Meatballs with sauce Fest,2019-01-30 18:38:22 +0530,2019-01-31 06:38:22 +0530,Liver,luisa_lebsack#yes;hailey#yes;laila_wilderman#no;rodrick.braun#maybe;aileen#yes;ericka#yes;cortney#yes;barton.kuvalis#maybe;jakayla_daniel#yes;jerald_lemke#yes;esperanza#yes;brant#maybe;audie_schamberger#maybe;aletha#maybe;danny#maybe;wiley#no;freeda_bednar#no;donavon_hilll#maybe;paxton.blanda#maybe;brando_beahan#no;randi#maybe;samanta_vandervort#no;viola_miller#maybe;sierra#yes;krista#no;meda#yes;elyse.ledner#maybe;madilyn.toy#no;guie#no;blanche_oberbrunner#maybe;brisa#yes,false
Pasta Carbonara Fest,2019-01-22 14:58:51 +0530,2019-01-23 00:58:51 +0530,Jerusalem Artichoke,donavon_hilll#maybe;ericka#yes;brittany.harvey#yes;madilyn.toy#no;jarrod.kunze#maybe;waino.wunsch#yes;jordan.bahringer#no;samanta_vandervort#no;rae#yes;brisa#yes;brando_beahan#no;freeda_bednar#no;danny#maybe;rodrick.braun#maybe;blanche_oberbrunner#maybe;yesenia_ebert#yes;audie_schamberger#maybe;bernie#yes;guie#no;elyse.ledner#maybe;kayla.romaguera#maybe;uriel#no;braulio#yes;krista#no;jerald_lemke#yes;randi#maybe;brant#maybe;elza_paucek#no;barton.kuvalis#maybe;meda#yes;laila_wilderman#no;ladarius_mckenzie#maybe;viola_miller#maybe;sebastian.hirthe#no;esperanza#yes;cortney#yes;jakayla_daniel#yes;luisa_lebsack#yes;serenity_spencer#yes;wiley#no;nicholaus#no,false
Mushroom Risotto Fest,2019-01-30 20:05:04 +0530,2019-01-30 18:05:04 +0530,Wholemeal,paxton.blanda#maybe;wiley#no;nicholaus#no;brittany.harvey#yes;luisa_lebsack#yes;jakayla_daniel#yes;blanche_oberbrunner#maybe;jordan.bahringer#no;guie#no;jerald_lemke#yes;yesenia_ebert#yes;audie_schamberger#maybe;meda#yes;rodrick.braun#maybe;freeda_bednar#no;kayla.romaguera#maybe;cortney#yes;jarrod.kunze#maybe,true
Ricotta stuffed Ravioli Fest,2019-01-21 09:21:51 +0530,2019-01-21 22:21:51 +0530,Blood oranges,wiley#no;elza_paucek#no;jordan.bahringer#no;jakayla_daniel#yes;hailey#yes;cortney#yes;guie#no;barton.kuvalis#maybe;waino.wunsch#yes;ladarius_mckenzie#maybe;brisa#yes;krista#no;eden#yes;sierra#yes;meda#yes;brando_beahan#no;elyse.ledner#maybe;audie_schamberger#maybe;paxton.blanda#maybe;brant#maybe;luisa_lebsack#yes,false
Cheeseburger Fest,2019-01-28 14:00:17 +0530,2019-02-13 14:00:17 +0530,Dashi,uriel#no;randi#maybe;samanta_vandervort#no;waino.wunsch#yes;hailey#yes;donavon_hilll#maybe;rae#yes;danny#maybe;jarrod.kunze#maybe;krista#no;jakayla_daniel#yes,false
Risotto with seafood Fest,2019-01-12 22:10:57 +0530,2019-01-13 06:10:57 +0530,Annatto seed,gudrun.reynolds#no;gina#maybe;elza_paucek#no;barton.kuvalis#maybe;jerald_lemke#yes,false
Pasta with Tomato and Basil Fest,2019-02-07 18:46:18 +0530,2019-02-08 18:46:18 +0530,Cabbage,madilyn.toy#no;laila_wilderman#no;audie_schamberger#maybe;sebastian.hirthe#no;braulio#yes;brando_beahan#no;gina#maybe;jakayla_daniel#yes;ericka#yes;freeda_bednar#no;kayla.romaguera#maybe;donavon_hilll#maybe;wiley#no;dortha_walker#no;krista#no;serenity_spencer#yes;brittany.harvey#yes;cortney#yes;sierra#yes;paxton.blanda#maybe;samanta_vandervort#no;jarrod.kunze#maybe,false
Pizza Fest,2019-01-18 20:56:43 +0530,2019-01-18 17:56:43 +0530,Apple juice,bernie#yes;blanche_oberbrunner#maybe;sebastian.hirthe#no;paxton.blanda#maybe;jarrod.kunze#maybe;dortha_walker#no;ladarius_mckenzie#maybe;brisa#yes;barton.kuvalis#maybe;hailey#yes;brando_beahan#no;rae#yes;meda#yes;elza_paucek#no;madilyn.toy#no;brittany.harvey#yes;luisa_lebsack#yes;serenity_spencer#yes;aletha#maybe;laila_wilderman#no;cortney#yes;esperanza#yes;uriel#no,false
Ebiten maki Fest,2019-02-05 06:32:17 +0530,2019-02-05 16:32:17 +0530,Kiwi Fruit,jerald_lemke#yes;nicholaus#no;aletha#maybe;braulio#yes;uriel#no;bernie#yes;serenity_spencer#yes;esperanza#yes;ladarius_mckenzie#maybe;laila_wilderman#no;wiley#no;elyse.ledner#maybe;hailey#yes;donavon_hilll#maybe;guie#no;jarrod.kunze#maybe;waino.wunsch#yes;eden#yes;paxton.blanda#maybe;brando_beahan#no;madilyn.toy#no;rodrick.braun#maybe;krista#no;danny#maybe;gudrun.reynolds#no;aileen#yes;elza_paucek#no;ericka#yes;sebastian.hirthe#no;viola_miller#maybe;rae#yes;brant#maybe;jordan.bahringer#no;dortha_walker#no;barton.kuvalis#maybe;gina#maybe;samanta_vandervort#no;cortney#yes;randi#maybe;meda#yes;kayla.romaguera#maybe;yesenia_ebert#yes;luisa_lebsack#yes;sierra#yes;jakayla_daniel#yes;freeda_bednar#no;blanche_oberbrunner#maybe;brisa#yes;brittany.harvey#yes,false
Chicken milanese Fest,2019-01-22 16:17:57 +0530,2019-01-22 23:17:57 +0530,Cantaloupe,aileen#yes;ericka#yes;elza_paucek#no;jarrod.kunze#maybe;rae#yes;barton.kuvalis#maybe;ladarius_mckenzie#maybe;hailey#yes;rodrick.braun#maybe;brando_beahan#no,false
Katsu Curry Fest,2019-02-06 07:51:12 +0530,2019-02-06 15:51:12 +0530,Kangaroo,barton.kuvalis#maybe;esperanza#yes;krista#no;randi#maybe;elza_paucek#no;serenity_spencer#yes;gina#maybe;kayla.romaguera#maybe;aletha#maybe;viola_miller#maybe;danny#maybe;aileen#yes;blanche_oberbrunner#maybe;madilyn.toy#no;sierra#yes;meda#yes;brittany.harvey#yes;nicholaus#no;brisa#yes;hailey#yes;ericka#yes;rae#yes;jarrod.kunze#maybe;laila_wilderman#no;donavon_hilll#maybe;bernie#yes;elyse.ledner#maybe;wiley#no;brant#maybe;ladarius_mckenzie#maybe;waino.wunsch#yes;uriel#no;dortha_walker#no;rodrick.braun#maybe;jerald_lemke#yes;sebastian.hirthe#no;eden#yes;cortney#yes;luisa_lebsack#yes;freeda_bednar#no;samanta_vandervort#no;gudrun.reynolds#no;audie_schamberger#maybe;jakayla_daniel#yes,false
Lasagne Fest,2019-01-27 16:01:17 +0530,2019-02-08 16:01:17 +0530,WhiteBread,gina#maybe;audie_schamberger#maybe;elyse.ledner#maybe;brisa#yes;jarrod.kunze#maybe;dortha_walker#no;sierra#yes;rae#yes;danny#maybe;gudrun.reynolds#no;ericka#yes;paxton.blanda#maybe;eden#yes;guie#no;wiley#no;jerald_lemke#yes;blanche_oberbrunner#maybe;luisa_lebsack#yes;donavon_hilll#maybe;krista#no;serenity_spencer#yes;brant#maybe;laila_wilderman#no;aletha#maybe,false
Chicken wings Fest,2019-01-24 19:28:40 +0530,2018-12-28 19:28:40 +0530,Fish Stock,jakayla_daniel#yes;yesenia_ebert#yes;eden#yes;kayla.romaguera#maybe;hailey#yes;samanta_vandervort#no;brando_beahan#no;esperanza#yes;blanche_oberbrunner#maybe;barton.kuvalis#maybe;brisa#yes;sierra#yes;jordan.bahringer#no;jarrod.kunze#maybe;dortha_walker#no;gina#maybe;paxton.blanda#maybe;elyse.ledner#maybe;nicholaus#no;bernie#yes;gudrun.reynolds#no;donavon_hilll#maybe;freeda_bednar#no;laila_wilderman#no;jerald_lemke#yes;sebastian.hirthe#no;brittany.harvey#yes;serenity_spencer#yes;rodrick.braun#maybe;rae#yes;uriel#no;danny#maybe;ericka#yes;ladarius_mckenzie#maybe;aletha#maybe;waino.wunsch#yes;elza_paucek#no;viola_miller#maybe,true
Tiramis√π Fest,2019-01-17 05:49:55 +0530,2019-01-17 06:49:55 +0530,Mastic,elza_paucek#no;waino.wunsch#yes;blanche_oberbrunner#maybe;sebastian.hirthe#no;randi#maybe;jakayla_daniel#yes;meda#yes,false
Meatballs with sauce Fest,2019-01-19 08:03:28 +0530,2019-01-20 03:03:28 +0530,Sprouts,rae#yes;samanta_vandervort#no;brisa#yes;viola_miller#maybe;brant#maybe;nicholaus#no;jakayla_daniel#yes;barton.kuvalis#maybe;rodrick.braun#maybe;waino.wunsch#yes;sierra#yes;sebastian.hirthe#no;dortha_walker#no;braulio#yes;aileen#yes;eden#yes;yesenia_ebert#yes;elyse.ledner#maybe;hailey#yes;gina#maybe;brittany.harvey#yes;ericka#yes;randi#maybe;donavon_hilll#maybe;brando_beahan#no;bernie#yes;jarrod.kunze#maybe;guie#no;ladarius_mckenzie#maybe;wiley#no;jordan.bahringer#no;luisa_lebsack#yes;blanche_oberbrunner#maybe;aletha#maybe;cortney#yes;meda#yes;madilyn.toy#no;danny#maybe;kayla.romaguera#maybe;audie_schamberger#maybe,false
Lasagne Fest,2019-01-18 17:35:41 +0530,2019-01-19 12:35:41 +0530,Garlic,madilyn.toy#no;jarrod.kunze#maybe;elyse.ledner#maybe;donavon_hilll#maybe;samanta_vandervort#no;sebastian.hirthe#no;eden#yes;brant#maybe;blanche_oberbrunner#maybe;serenity_spencer#yes;rae#yes;jakayla_daniel#yes;hailey#yes;gina#maybe;laila_wilderman#no;esperanza#yes;barton.kuvalis#maybe;kayla.romaguera#maybe;yesenia_ebert#yes;elza_paucek#no;wiley#no;sierra#yes;krista#no;luisa_lebsack#yes;guie#no;brando_beahan#no;braulio#yes;freeda_bednar#no;meda#yes;danny#maybe;viola_miller#maybe;brisa#yes;gudrun.reynolds#no,false
Katsu Curry Fest,2019-01-25 13:10:18 +0530,2019-01-25 21:10:18 +0530,Nutmeg,serenity_spencer#yes;ericka#yes;paxton.blanda#maybe;waino.wunsch#yes;elza_paucek#no;luisa_lebsack#yes;kayla.romaguera#maybe;barton.kuvalis#maybe;wiley#no,false
Califlower penne Fest,2019-01-23 16:31:20 +0530,2019-01-10 16:31:20 +0530,Blood oranges,luisa_lebsack#yes;danny#maybe;aletha#maybe;rodrick.braun#maybe;randi#maybe;sebastian.hirthe#no;dortha_walker#no;braulio#yes;uriel#no;madilyn.toy#no;serenity_spencer#yes,false
Caprese Salad Fest,2019-01-13 11:41:52 +0530,2019-01-13 12:41:52 +0530,Oyster Mushrooms,jakayla_daniel#yes;yesenia_ebert#yes;elza_paucek#no;uriel#no;waino.wunsch#yes;aletha#maybe;freeda_bednar#no;danny#maybe;jerald_lemke#yes;audie_schamberger#maybe;ladarius_mckenzie#maybe;brittany.harvey#yes;dortha_walker#no;brisa#yes;hailey#yes;sierra#yes;jordan.bahringer#no;laila_wilderman#no;wiley#no;randi#maybe;barton.kuvalis#maybe;samanta_vandervort#no;jarrod.kunze#maybe,false
Chicken wings Fest,2019-01-30 22:01:34 +0530,2019-02-24 22:01:34 +0530,Almond oil,audie_schamberger#maybe;ericka#yes;yesenia_ebert#yes;jordan.bahringer#no;jakayla_daniel#yes;braulio#yes;luisa_lebsack#yes;brittany.harvey#yes;guie#no;barton.kuvalis#maybe;brisa#yes;rae#yes;cortney#yes;uriel#no;meda#yes;sebastian.hirthe#no;jerald_lemke#yes;paxton.blanda#maybe;sierra#yes;kayla.romaguera#maybe;donavon_hilll#maybe;aileen#yes;gudrun.reynolds#no;elyse.ledner#maybe;danny#maybe;viola_miller#maybe;hailey#yes;ladarius_mckenzie#maybe;brant#maybe;eden#yes;esperanza#yes;freeda_bednar#no;laila_wilderman#no;nicholaus#no;rodrick.braun#maybe;bernie#yes,false
Lasagne Fest,2019-01-28 09:10:00 +0530,2019-02-10 09:10:00 +0530,Eggplant,,false
Chicken Fajitas Fest,2019-01-26 12:33:14 +0530,2019-01-26 20:33:14 +0530,Nectarines,krista#no;nicholaus#no;jordan.bahringer#no;brittany.harvey#yes;gudrun.reynolds#no;cortney#yes;guie#no;audie_schamberger#maybe;brant#maybe;sebastian.hirthe#no;madilyn.toy#no;meda#yes;yesenia_ebert#yes;blanche_oberbrunner#maybe;paxton.blanda#maybe;elyse.ledner#maybe;rae#yes;uriel#no;waino.wunsch#yes;randi#maybe;aletha#maybe;wiley#no;esperanza#yes;jarrod.kunze#maybe;eden#yes;rodrick.braun#maybe;brando_beahan#no;ericka#yes;freeda_bednar#no;samanta_vandervort#no;danny#maybe;hailey#yes;luisa_lebsack#yes;aileen#yes;laila_wilderman#no;jerald_lemke#yes;gina#maybe;sierra#yes;barton.kuvalis#maybe;kayla.romaguera#maybe;brisa#yes;braulio#yes;ladarius_mckenzie#maybe;elza_paucek#no;viola_miller#maybe;dortha_walker#no;serenity_spencer#yes,false
Ricotta stuffed Ravioli Fest,2019-01-30 11:48:19 +0530,2019-01-29 18:48:19 +0530,Whiting Wild Rice,brisa#yes;samanta_vandervort#no;danny#maybe;brant#maybe;hailey#yes;jakayla_daniel#yes;laila_wilderman#no;paxton.blanda#maybe;rodrick.braun#maybe;brando_beahan#no;brittany.harvey#yes;cortney#yes;sebastian.hirthe#no;freeda_bednar#no;meda#yes,true
Meatballs with sauce Fest,2019-01-25 14:08:22 +0530,2019-01-26 12:08:22 +0530,Cumquat,madilyn.toy#no;elza_paucek#no;serenity_spencer#yes;barton.kuvalis#maybe;ladarius_mckenzie#maybe;cortney#yes;esperanza#yes;eden#yes;krista#no;gudrun.reynolds#no;waino.wunsch#yes;audie_schamberger#maybe;jakayla_daniel#yes;freeda_bednar#no;paxton.blanda#maybe;gina#maybe;wiley#no;blanche_oberbrunner#maybe;rae#yes;rodrick.braun#maybe;brant#maybe;braulio#yes;samanta_vandervort#no;nicholaus#no;jerald_lemke#yes;brittany.harvey#yes;jarrod.kunze#maybe;meda#yes;luisa_lebsack#yes;danny#maybe;brando_beahan#no;dortha_walker#no;brisa#yes;yesenia_ebert#yes;elyse.ledner#maybe;aletha#maybe;sierra#yes;jordan.bahringer#no;sebastian.hirthe#no;bernie#yes;ericka#yes;aileen#yes;randi#maybe;uriel#no;viola_miller#maybe;guie#no;hailey#yes;kayla.romaguera#maybe;laila_wilderman#no,false
Pork sausage roll Fest,2019-02-06 19:47:53 +0530,2019-02-07 19:47:53 +0530,Coriander Leaves,cortney#yes;gudrun.reynolds#no;eden#yes;donavon_hilll#maybe;kayla.romaguera#maybe;brittany.harvey#yes;jerald_lemke#yes;bernie#yes;yesenia_ebert#yes;guie#no;nicholaus#no;barton.kuvalis#maybe;luisa_lebsack#yes;elza_paucek#no;jarrod.kunze#maybe;hailey#yes;brant#maybe;viola_miller#maybe;brando_beahan#no;braulio#yes,false
Chicken Fajitas Fest,2019-01-18 11:20:59 +0530,2019-01-23 11:20:59 +0530,Apples,hailey#yes;bernie#yes;eden#yes;sebastian.hirthe#no;ericka#yes;samanta_vandervort#no;sierra#yes;elyse.ledner#maybe;rodrick.braun#maybe;danny#maybe;barton.kuvalis#maybe;blanche_oberbrunner#maybe;brisa#yes;aletha#maybe;luisa_lebsack#yes,false
Risotto with seafood Fest,2019-01-10 10:15:49 +0530,2019-02-01 10:15:49 +0530,Loquats,bernie#yes;elyse.ledner#maybe;samanta_vandervort#no;luisa_lebsack#yes;audie_schamberger#maybe;hailey#yes;gudrun.reynolds#no;randi#maybe;laila_wilderman#no;brisa#yes;donavon_hilll#maybe;guie#no;freeda_bednar#no;sierra#yes;kayla.romaguera#maybe;yesenia_ebert#yes;rae#yes;brant#maybe;ladarius_mckenzie#maybe;jerald_lemke#yes;braulio#yes;aileen#yes;brittany.harvey#yes;rodrick.braun#maybe;viola_miller#maybe;aletha#maybe;waino.wunsch#yes;gina#maybe;eden#yes;blanche_oberbrunner#maybe;barton.kuvalis#maybe;serenity_spencer#yes;jakayla_daniel#yes;elza_paucek#no,false
Vegetable Soup Fest,2019-01-14 23:22:15 +0530,2018-12-31 23:22:15 +0530,Bean Shoots,blanche_oberbrunner#maybe;ericka#yes;jakayla_daniel#yes;nicholaus#no;krista#no;gudrun.reynolds#no,false
Katsu Curry Fest,2019-01-24 03:31:23 +0530,2019-01-24 11:31:23 +0530,Kokam,gudrun.reynolds#no;gina#maybe;uriel#no;elza_paucek#no;aileen#yes;audie_schamberger#maybe;esperanza#yes;guie#no;jarrod.kunze#maybe;serenity_spencer#yes;sierra#yes;nicholaus#no;braulio#yes;samanta_vandervort#no;sebastian.hirthe#no;randi#maybe;aletha#maybe;freeda_bednar#no;waino.wunsch#yes;hailey#yes;ladarius_mckenzie#maybe;wiley#no;meda#yes;rodrick.braun#maybe;jerald_lemke#yes;krista#no;brittany.harvey#yes;jakayla_daniel#yes;paxton.blanda#maybe;elyse.ledner#maybe;luisa_lebsack#yes;blanche_oberbrunner#maybe;madilyn.toy#no;yesenia_ebert#yes;donavon_hilll#maybe,false
Chicken milanese Fest,2019-01-10 04:09:37 +0530,2019-02-05 04:09:37 +0530,Tuna,donavon_hilll#maybe;brando_beahan#no;waino.wunsch#yes;serenity_spencer#yes;elza_paucek#no;ericka#yes;aileen#yes;audie_schamberger#maybe;freeda_bednar#no;brisa#yes;cortney#yes;gudrun.reynolds#no;laila_wilderman#no;yesenia_ebert#yes;wiley#no;braulio#yes;danny#maybe;aletha#maybe;elyse.ledner#maybe;jordan.bahringer#no;brant#maybe;guie#no;ladarius_mckenzie#maybe;sebastian.hirthe#no;jarrod.kunze#maybe;esperanza#yes;meda#yes;kayla.romaguera#maybe;eden#yes;gina#maybe;luisa_lebsack#yes;rae#yes;bernie#yes;nicholaus#no;samanta_vandervort#no;barton.kuvalis#maybe;krista#no;viola_miller#maybe;brittany.harvey#yes;paxton.blanda#maybe;dortha_walker#no;randi#maybe,false
Ebiten maki Fest,2019-01-10 02:25:53 +0530,2019-01-22 02:25:53 +0530,Curry Leaves,,false
Teriyaki Chicken donburi Fest,2019-01-10 18:34:46 +0530,2019-01-11 04:34:46 +0530,Endive,jakayla_daniel#yes;ericka#yes;gudrun.reynolds#no;gina#maybe;luisa_lebsack#yes;viola_miller#maybe;kayla.romaguera#maybe;rodrick.braun#maybe;uriel#no;hailey#yes;sierra#yes;esperanza#yes;samanta_vandervort#no;aileen#yes;brisa#yes;donavon_hilll#maybe;barton.kuvalis#maybe;danny#maybe;yesenia_ebert#yes;blanche_oberbrunner#maybe;braulio#yes;paxton.blanda#maybe;ladarius_mckenzie#maybe;elza_paucek#no;freeda_bednar#no;brando_beahan#no;elyse.ledner#maybe;aletha#maybe;jerald_lemke#yes;rae#yes;eden#yes;cortney#yes;randi#maybe;waino.wunsch#yes;meda#yes;sebastian.hirthe#no;brant#maybe;brittany.harvey#yes;guie#no;jordan.bahringer#no;jarrod.kunze#maybe;wiley#no;serenity_spencer#yes;audie_schamberger#maybe;laila_wilderman#no,false
