username,email,phone
jarrod.kunze,reie@ratke.net,1-573-699-0961 x2352
blanche_oberbrunner,norwood@sauerjohnson.biz,1-516-750-4962 x3431
serenity_spencer,june@towneruel.org,712.341.2150 x5426
jerald_lemke,grayson@ziemann.io,1-904-699-4042
eden,christian@moorebrown.info,1-313-009-8741 x1391
jakayla_daniel,elnora@ziemannziemann.com,(887) 085-2153 x55831
jordan.bahringer,mary.casper@jast.io,1-186-483-5184 x606
sierra,joan@goodwinswift.net,347.092.5535
ladarius_mckenzie,abraham@runolfsdottirweimann.info,(430) 908-2989 x37608
sebastian.hirthe,liliana@kub.info,789.969.3511
krista,daija.armstrong@jaskolski.org,460-282-1825 x65211
nicholaus,johanna_grant@kulas.com,(699) 839-3450 x6421
aletha,tevin.donnelly@muller.biz,1-166-552-5596
gudrun.reynolds,omer.quitzon@zboncak.info,1-193-480-6866
esperanza,drew_emard@damore.io,1-944-778-6699
luisa_lebsack,vada.durgan@swiftschulist.name,608-423-9400
randi,danika_beahan@cronamccullough.biz,853-955-8369
bernie,lillie@hicklelemke.org,900.912.7757
waino.wunsch,hailey@zboncak.net,827.931.4986 x9427
madilyn.toy,marshall_medhurst@jenkins.org,379-138-3004
laila_wilderman,carolina.ernser@weber.net,990.848.9164 x37873
freeda_bednar,kristy.bailey@ferrygreen.org,(252) 148-0682 x9924
guie,yasmine_schulist@faymckenzie.name,785.657.8694
meda,lisette@abernathy.net,1-619-804-6698 x11867
elza_paucek,serenity@wyman.biz,(527) 724-3042 x2863
ericka,darryl.kris@ratke.name,1-161-530-8314 x557
elyse.ledner,deie.simonis@wunsch.org,928.299.8352 x572
barton.kuvalis,ottis.homenick@flatley.org,(383) 530-2193
viola_miller,rubie@rohan.name,374.178.8380 x967
aileen,nakia@larson.io,113-934-3223
wiley,mollie@moenlarkin.org,509-636-9641 x65595
brando_beahan,chelsie@howellkerluke.info,298.194.6115 x8908
audie_schamberger,zack@keebler.org,655.749.8368
samanta_vandervort,kamryn_bradtke@harvey.com,286-018-9697 x839
hailey,vanea@green.co,508.934.4373
dortha_walker,murphy.bayer@yost.org,724-650-5749
rae,lisandro.cormier@spencer.info,914-818-0538
brisa,shad_oconner@goyette.org,(272) 795-4865
brant,leone_marquardt@veum.org,987-609-4584 x05089
gina,felton@moore.info,943-402-1554 x339
uriel,erich@rodriguezbeier.io,(762) 163-7704 x3430
danny,nella_spencer@haleyhartmann.info,(771) 828-9293 x0417
rodrick.braun,chadd@feilmills.org,132-073-6976 x6813
donavon_hilll,addison.fritsch@lockman.org,1-543-366-8116 x3309
paxton.blanda,mathilde.considine@hahnlehner.info,232.820.0250
kayla.romaguera,rozella_keebler@lebsackarmstrong.org,1-935-838-3186
braulio,ana@lowesenger.net,667.836.5153 x50794
yesenia_ebert,korey_runolfon@armstrong.org,775-539-1992
brittany.harvey,lauren_king@denesik.net,1-701-313-2381
cortney,oren@waelchi.io,(859) 248-2773 x1569
